store_code,receipt_number,sold_at,sku,quantity,unit_price
BOS,BOS-IMP-0901-001,2026-09-01T10:42:00,TOP-001,2,26.00
BOS,BOS-IMP-0901-001,2026-09-01T10:42:00,ACC-003,1,20.00
BOS,BOS-IMP-0901-002,2026-09-01T15:05:00,BOT-001,1,104.00
CAM,CAM-IMP-0901-001,2026-09-01T12:18:00-04:00,DRS-002,1,102.00
CAM,CAM-IMP-0901-001,2026-09-01T12:18:00-04:00,ACC-001,1,36.00
PVD,PVD-IMP-0902-001,2026-09-02T11:30:00,FTW-001,1,68.00
PVD,PVD-IMP-0902-001,2026-09-02T11:30:00,TOP-004,2,42.00
WEB,WEB-IMP-0902-001,2026-09-02T23:47:10Z,OUT-001,1,132.30
WEB,WEB-IMP-0903-001,2026-09-03T08:05:00,KNT-001,1,65.80
WEB,WEB-IMP-0903-001,2026-09-03T08:05:00,ACC-004,2,28.00
BOS,"BOS-IMP-0903-001",2026-09-03T18:20:00,TOP-003,1,"68.00"
CAM,CAM-IMP-0903-001,2026-09-03T14:00:00,BOT-002,1,72.00
